<?xml version="1.0" encoding="UTF-8"?>
<config xmlns="http://www.knime.org/2008/09/XMLConfig" xmlns:xsi="http://www.w3.org/2001/XMLSchema-instance" xsi:schemaLocation="http://www.knime.org/2008/09/XMLConfig http://www.knime.org/XMLConfig_2008_09.xsd" key="MiningSchema">
<config key="learning">
<entry key="array-size" type="xint" value="8"/>
<entry key="0" type="xstring" value="Olma Olasılığı"/>
<entry key="1" type="xstring" value="Bitme Olasılığı"/>
<entry key="2" type="xstring" value="Vucut kitle endeksi"/>
<entry key="3" type="xstring" value="Zorluk Oranı"/>
<entry key="4" type="xstring" value="AYLIK ORTALAMA TWEET"/>
<entry key="5" type="xstring" value="Gizli Değer"/>
<entry key="6" type="xstring" value="mod"/>
<entry key="7" type="xstring" value="FİYAT"/>
</config>
<config key="target">
<entry key="array-size" type="xint" value="1"/>
<entry key="0" type="xstring" value="ClASS"/>
</config>
</config>
