<?xml version="1.0" encoding="UTF-8"?>
<config xmlns="http://www.knime.org/2008/09/XMLConfig" xmlns:xsi="http://www.w3.org/2001/XMLSchema-instance" xsi:schemaLocation="http://www.knime.org/2008/09/XMLConfig http://www.knime.org/XMLConfig_2008_09.xsd" key="model.xml">
<entry key="version" type="xint" value="1"/>
<entry key="class_name" type="xstring" value="org.knime.base.data.normalize.NormalizerPortObject"/>
<config key="model">
<config key="columns">
<config key="Olma Olasılığı">
<entry key="column_name" type="xstring" value="Olma Olasılığı"/>
<entry key="column_scale" type="xdouble" value="1.0005115991548568"/>
<entry key="column_translate" type="xdouble" value="-4.510645605604308E-4"/>
<entry key="column_min" type="xdouble" value="0.0"/>
<entry key="column_max" type="xdouble" value="1.0"/>
</config>
<config key="Bitme Olasılığı">
<entry key="column_name" type="xstring" value="Bitme Olasılığı"/>
<entry key="column_scale" type="xdouble" value="1.0002280824870335"/>
<entry key="column_translate" type="xdouble" value="-1.9577107408404185E-4"/>
<entry key="column_min" type="xdouble" value="0.0"/>
<entry key="column_max" type="xdouble" value="1.0"/>
</config>
<config key="Vucut kitle endeksi">
<entry key="column_name" type="xstring" value="Vucut kitle endeksi"/>
<entry key="column_scale" type="xdouble" value="0.025"/>
<entry key="column_translate" type="xdouble" value="-0.275"/>
<entry key="column_min" type="xdouble" value="0.0"/>
<entry key="column_max" type="xdouble" value="1.0"/>
</config>
<config key="Zorluk Oranı">
<entry key="column_name" type="xstring" value="Zorluk Oranı"/>
<entry key="column_scale" type="xdouble" value="1.0003656183379095"/>
<entry key="column_translate" type="xdouble" value="-2.3232162335006847E-5"/>
<entry key="column_min" type="xdouble" value="0.0"/>
<entry key="column_max" type="xdouble" value="1.0"/>
</config>
<config key="AYLIK ORTALAMA TWEET">
<entry key="column_name" type="xstring" value="AYLIK ORTALAMA TWEET"/>
<entry key="column_scale" type="xdouble" value="0.029411764705882353"/>
<entry key="column_translate" type="xdouble" value="-1.2058823529411764"/>
<entry key="column_min" type="xdouble" value="0.0"/>
<entry key="column_max" type="xdouble" value="1.0"/>
</config>
<config key="Gizli Değer">
<entry key="column_name" type="xstring" value="Gizli Değer"/>
<entry key="column_scale" type="xdouble" value="0.3647289815687106"/>
<entry key="column_translate" type="xdouble" value="-0.05260971905230908"/>
<entry key="column_min" type="xdouble" value="0.0"/>
<entry key="column_max" type="xdouble" value="1.0"/>
</config>
</config>
<entry key="summary" type="xstring" value="Min/Max (0.0, 1) normalization on 6 column(s)"/>
</config>
</config>
